{
  "results": [
    {
      "command": "stock-compinit",
      "mean": 0.014944234489999996,
      "stddev": 0.0005369794303313186,
      "median": 0.0148856601,
      "user": 0.009938759999999998,
      "system": 0.0032130399999999986,
      "min": 0.013827201600000002,
      "max": 0.0166293266,
      "times": [0.015030701600000002, 0.0140071596, 0.014469368600000001, 0.014305951600000002, 0.014871326600000002, 0.0148104516, 0.0157828266, 0.015125076599999999, 0.014899326599999999, 0.0153160346, 0.014601492600000002, 0.013827201600000002, 0.0150129936, 0.014739576600000002, 0.0148137016, 0.0157547856, 0.0147914096, 0.014195492600000002, 0.014703951600000001, 0.0150585346, 0.0144122016, 0.014981701600000001, 0.014295326600000002, 0.014746826599999999, 0.015298451599999999, 0.0162467016, 0.0159213266, 0.0147348676, 0.0143029106, 0.0150293266, 0.015846326600000002, 0.0151754516, 0.014551035600000001, 0.0142637846, 0.014712993600000002, 0.0143644936, 0.014117951600000001, 0.0144091186, 0.014987284600000001, 0.014605117600000002, 0.0143856186, 0.0149980766, 0.0148722856, 0.0149402436, 0.0149132436, 0.014670743600000001, 0.014536784600000002, 0.014966368600000002, 0.0147203676, 0.0145642016, 0.014317617599999999, 0.0148703676, 0.0163113676, 0.015106951600000001, 0.014760701599999999, 0.0152313686, 0.014788742600000002, 0.015144784599999999, 0.0155066186, 0.0153029516, 0.0142978266, 0.0148387016, 0.0149415356, 0.0153483266, 0.015156492600000002, 0.015005284600000002, 0.0151791176, 0.015232076600000002, 0.0142298686, 0.015320368600000002, 0.0148832016, 0.0145101596, 0.0147732016, 0.0159835766, 0.0151337016, 0.014587868600000001, 0.014570076599999999, 0.015410743599999999, 0.014704701600000002, 0.015220159600000002, 0.014567243600000002, 0.015644951600000002, 0.0149083266, 0.0142197846, 0.014528701599999999, 0.0148881186, 0.0148607426, 0.015181909600000001, 0.015032367599999999, 0.0151641606, 0.015686576600000002, 0.014807409600000002, 0.0147173266, 0.0161334516, 0.0166293266, 0.0166051186, 0.0144219106, 0.0150047016, 0.015008159600000001, 0.0150562016],
      "memory_usage_byte": [4096000, 4096000, 4096000, 4096000, 4128768, 4128768, 4128768, 4128768, 4128768, 4128768, 4145152, 4145152, 4145152, 4145152, 4145152, 4145152, 4145152, 4145152, 4145152, 4145152, 4145152, 4145152, 4145152, 4145152, 4145152, 4145152, 4145152, 4145152, 4145152, 4145152, 4145152, 4145152, 4145152, 4145152, 4145152, 4145152, 4145152, 4145152, 4145152, 4145152, 4145152, 4145152, 4145152, 4145152, 4145152, 4145152, 4145152, 4145152, 4145152, 4145152, 4145152, 4145152, 4145152, 4145152, 4145152, 4145152, 4145152, 4145152, 4145152, 4145152, 4145152, 4145152, 4145152, 4145152, 4145152, 4145152, 4145152, 4145152, 4145152, 4145152, 4145152, 4145152, 4145152, 4145152, 4145152, 4145152, 4145152, 4145152, 4145152, 4145152, 4145152, 4145152, 4145152, 4145152, 4145152, 4145152, 4145152, 4145152, 4145152, 4145152, 4145152, 4145152, 4145152, 4145152, 4145152, 4145152, 4145152, 4145152, 4145152, 4145152],
      "exit_codes": [0, 0, 0, 0, 0, 0, 0, 0, 0, 0, 0, 0, 0, 0, 0, 0, 0, 0, 0, 0, 0, 0, 0, 0, 0, 0, 0, 0, 0, 0, 0, 0, 0, 0, 0, 0, 0, 0, 0, 0, 0, 0, 0, 0, 0, 0, 0, 0, 0, 0, 0, 0, 0, 0, 0, 0, 0, 0, 0, 0, 0, 0, 0, 0, 0, 0, 0, 0, 0, 0, 0, 0, 0, 0, 0, 0, 0, 0, 0, 0, 0, 0, 0, 0, 0, 0, 0, 0, 0, 0, 0, 0, 0, 0, 0, 0, 0, 0, 0, 0]
    },
    {
      "command": "lifecycle-only",
      "mean": 0.01685207327,
      "stddev": 0.0005811277083313665,
      "median": 0.0167293266,
      "user": 0.01047301,
      "system": 0.004254130000000001,
      "min": 0.0159428676,
      "max": 0.0193337016,
      "times": [0.0169566606, 0.0167500346, 0.0167640346, 0.0167928676, 0.016571326600000002, 0.018506285600000002, 0.0168112846, 0.0165639926, 0.0161367846, 0.0166214096, 0.0165188686, 0.0170690766, 0.0162157846, 0.016670659600000002, 0.0174028266, 0.0161409516, 0.0165879516, 0.0170708686, 0.0164814516, 0.016913534600000002, 0.0166505766, 0.0161224926, 0.0167254926, 0.0167584516, 0.017451660600000002, 0.016482493600000002, 0.0180852426, 0.0163960346, 0.0172289096, 0.0177964106, 0.0181932846, 0.0174503266, 0.0165032016, 0.0176198686, 0.0161719516, 0.0168471596, 0.0174056186, 0.0167231186, 0.0161257016, 0.0169279096, 0.0168133266, 0.0165672856, 0.0169172016, 0.0167977436, 0.0167299516, 0.0172602016, 0.0162820766, 0.0166087016, 0.0159428676, 0.0160921606, 0.0173290766, 0.0167630346, 0.0163722016, 0.0167704926, 0.0167071606, 0.0166435346, 0.0164246186, 0.0184339516, 0.016268785600000002, 0.0166660766, 0.0167287016, 0.0165952846, 0.016889034600000002, 0.0171738686, 0.0172749936, 0.0167267426, 0.0169863266, 0.0169099516, 0.0170802846, 0.0160240766, 0.0161674936, 0.0172734516, 0.0165132436, 0.0172711186, 0.016230660600000002, 0.0168195766, 0.0164797436, 0.0179874106, 0.0164321596, 0.0174001596, 0.0165780346, 0.0160991186, 0.0165238266, 0.0169139516, 0.0164867436, 0.0163189096, 0.0169050356, 0.016577034600000002, 0.0166820766, 0.0166847016, 0.0173939926, 0.0193337016, 0.017087410600000002, 0.0172700766, 0.016203701600000002, 0.0164360356, 0.0167240356, 0.0169977426, 0.0179422016, 0.0174817016],
      "memory_usage_byte": [4145152, 4145152, 4145152, 4145152, 4145152, 4145152, 4145152, 4145152, 4145152, 4145152, 4145152, 4145152, 4145152, 4145152, 4145152, 4145152, 4145152, 4145152, 4145152, 4145152, 4145152, 4145152, 4145152, 4145152, 4145152, 4145152, 4145152, 4145152, 4145152, 4145152, 4145152, 4145152, 4145152, 4145152, 4145152, 4145152, 4145152, 4177920, 4177920, 4177920, 4177920, 4177920, 4177920, 4177920, 4177920, 4177920, 4177920, 4177920, 4177920, 4177920, 4177920, 4177920, 4177920, 4177920, 4177920, 4177920, 4177920, 4177920, 4177920, 4177920, 4177920, 4177920, 4177920, 4177920, 4177920, 4177920, 4177920, 4177920, 4177920, 4177920, 4177920, 4177920, 4177920, 4177920, 4177920, 4177920, 4177920, 4177920, 4177920, 4177920, 4177920, 4177920, 4177920, 4177920, 4177920, 4177920, 4177920, 4177920, 4177920, 4177920, 4177920, 4177920, 4177920, 4177920, 4177920, 4177920, 4177920, 4177920, 4177920, 4177920],
      "exit_codes": [0, 0, 0, 0, 0, 0, 0, 0, 0, 0, 0, 0, 0, 0, 0, 0, 0, 0, 0, 0, 0, 0, 0, 0, 0, 0, 0, 0, 0, 0, 0, 0, 0, 0, 0, 0, 0, 0, 0, 0, 0, 0, 0, 0, 0, 0, 0, 0, 0, 0, 0, 0, 0, 0, 0, 0, 0, 0, 0, 0, 0, 0, 0, 0, 0, 0, 0, 0, 0, 0, 0, 0, 0, 0, 0, 0, 0, 0, 0, 0, 0, 0, 0, 0, 0, 0, 0, 0, 0, 0, 0, 0, 0, 0, 0, 0, 0, 0, 0, 0]
    },
    {
      "command": "stock-completion",
      "mean": 0.05638259029000001,
      "stddev": 0.002032877026732667,
      "median": 0.0560022846,
      "user": 0.02316218,
      "system": 0.02082162999999999,
      "min": 0.0521966606,
      "max": 0.0639597846,